{"f_0": [0.5, 0.5], "f_1": [0.1, 0.2, 0.7], "f_2": [0.32712775945821115, 0.085651192642786, 0.18768982559807776, 0.2683749175062021, 0.13115630479472298], "dim": 10, "seed": 123, "discrete_columns": ["f_0", "f_1", "f_2"], "continuous_columns": []}