{"type": "log-normal", "mean": [1.17881511358717, -1.2831639902977232, -1.6388912786147813, 0.3078886144973474, 1.3168138187133787, -0.46136123925323425, 2.8845851903076927, 1.10897843150918, -0.11440859109383439], "correlation": [[1.0, -0.05268362146210387, -0.029225592425568686, -0.18456702820026263, 0.03427227998988283, -0.03272488235194601, 0.10427852820023242, 0.0027359553531669046, -0.020206874216883015], [-0.05268362146210388, 1.0, -0.027815806425293542, -0.061412025967028244, 0.06975670415885761, 0.08522768240545602, -0.015465445388072369, -0.017559115975050055, -0.015470126468272491], [-0.02922559242556868, -0.027815806425293566, 0.9999999999999998, 0.16347730650390424, 0.032033304760829495, 0.0024621325754924676, -0.09346356931883255, -0.08370821875101035, -0.008406436831274199], [-0.18456702820026263, -0.06141202596702824, 0.16347730650390435, 1.0, -0.15864277847714278, -0.16134239493099806, 0.13424066948465385, 0.11606527774984446, -0.09463330945566424], [0.03427227998988281, 0.06975670415885762, 0.03203330476082957, -0.15864277847714273, 1.0, 0.1109277839833312, -0.21560724695020864, 0.0674582904682026, -0.15931582470826985], [-0.03272488235194601, 0.08522768240545604, 0.002462132575492453, -0.16134239493099806, 0.11092778398333117, 1.0, 0.03501703520619885, -0.0380484267621667, -0.10089289745526378], [0.1042785282002324, -0.015465445388072381, -0.0934635693188326, 0.13424066948465385, -0.21560724695020864, 0.03501703520619881, 1.0000000000000002, 0.02652352270100271, -0.11806500957668112], [0.00273595535316689, -0.01755911597505007, -0.08370821875101035, 0.11606527774984439, 0.06745829046820262, -0.0380484267621667, 0.026523522701002732, 1.0000000000000002, 0.14384882864181794], [-0.020206874216882987, -0.015470126468272496, -0.008406436831274216, -0.09463330945566424, -0.1593158247082698, -0.10089289745526374, -0.11806500957668109, 0.14384882864181797, 1.0000000000000033]], "variance": [0.3921175181941505, 0.3431780161508694, 0.7290497073840416, 0.4385722446796244, 0.05967789660956835, 0.3980442553304314, 0.7379954057320357, 0.18249173045349998, 0.17545175614749253], "dim": 9, "seed": 123, "continuous_columns": ["c0", "c1", "c2", "c3", "c4", "c5", "c6", "c7", "c8"], "discrete_columns": []}