{
  "dist 0": {
    "type": "mvn",
    "mean": [2.550131411055011, 5.535762364254557, 4.435065997742177],
    "correlation": [
      [0.9999999999999998, -0.3492825195428729, 0.00829484815860198],
      [-0.34928251954287287, 0.9999999999999997, 0.245326042547322],
      [0.00829484815860198, 0.245326042547322, 1.0]
    ],
    "variance": [0.578551468108833, 0.5215330593973323, 0.002688064574320692],
    "dim": 3,
    "Proportion of total": 0.15776697503041417
  },
  "dist 1": {
    "type": "mvn",
    "mean": [3.111604592985157, 7.401059916911889, 6.73335997530173],
    "correlation": [
      [1.0, 0.07858694371618169, 0.3298909004817674],
      [0.07858694371618166, 1.0, 0.16214341355075546],
      [0.3298909004817674, 0.16214341355075546, 1.0000000000000013]
    ],
    "variance": [0.98834541928282, 0.9053415756616099, 0.2076358611963245],
    "dim": 3,
    "Proportion of total": 0.15192203195671564
  },
  "dist 2": {
    "type": "mvn",
    "mean": [2.85918053346541, 0.3487317103923244, 2.4381445872887797],
    "correlation": [
      [0.9999999999999999, -0.09357538568267157, -0.34486489607070236],
      [-0.09357538568267161, 0.9999999999999999, 0.17565348578242482],
      [-0.34486489607070225, 0.1756534857824248, 0.9999999999999999]
    ],
    "variance": [0.2924894127924248, 0.5200101530724834, 0.9019113726606706],
    "dim": 3,
    "Proportion of total": 0.6903109930128702
  },
  "dim": 3,
  "seed": 123,
  "continuous_columns": ["c0", "c1", "c2"],
  "discrete_columns": []
}
