{
  "Conditional info": {
    "f_0": [0.3333333333333333, 0.3333333333333333, 0.3333333333333333],
    "dim": 3
  },
  "mixture info": {
    "Cat_feature_0 label_0": {
      "type": "mvn",
      "mean": [0, 0, 0],
      "correlation": [
        [0.9999999999999999, 0.04522894328231082, -0.037464133400713154],
        [0.04522894328231079, 0.9999999999999998, -0.0317709715446437],
        [-0.037464133400713036, -0.03177097154464387, 1.0000000000000016]
      ],
      "variance": [1.3889897385795043, 1.2293223902461357, 0.5943207744664782],
      "dim": 3
    },
    "Cat_feature_0 label_1": {
      "type": "mvn",
      "mean": [2, 2, 2],
      "correlation": [
        [1.0, -0.2189583102365794, 0.25117510298173934],
        [-0.21895831023657936, 0.9999999999999999, 0.5952166499802134],
        [0.25117510298173923, 0.5952166499802133, 1.0000000000000004]
      ],
      "variance": [1.2067012072114562, 1.3804166642755007, 1.0405378182020266],
      "dim": 3
    },
    "Cat_feature_0 label_2": {
      "type": "mvn",
      "mean": [4, 4, 4],
      "correlation": [
        [1.0000000000000002, 0.1523421690311359, 0.15568591540309834],
        [0.15234216903113593, 1.0000000000000002, -0.11677061015481893],
        [0.1556859154030984, -0.11677061015481888, 1.000000000000001]
      ],
      "variance": [1.4757308440402976, 0.9700032317649515, 0.5392036339707895],
      "dim": 3
    }
  },
  "dim": 6,
  "seed": 123,
  "continuous_columns": ["f_0_c0", "f_0_c1", "f_0_c2"],
  "discrete_columns": ["f_0"]
}
